SKU,DESCRIPTION
AC002,Piercing Pillow
AC012,Studs Playing Cards
AC013,Studs Plastic Water Bottle
AC014,PIERCING PILLOW
AC016,STUDS Jewelry Box
AC017,STUDS Pink Jewelry Box
BD183G,Reversible Flatback Set (6mm)
BD183S,Reversible Flatback Set (6mm)
BD286GBK,Signature Bao Set
BD286SBK,Signature Bao Set
CH011GAM,February Micro CZ Clicker Charm
CH011GAQ,March Micro CZ Clicker Charm
CH011GCL,Micro CZ Clicker Charm
CH011GGA,January Micro CZ Clicker Charm
CH011GGR,Micro CZ Clicker Charm
CH011GPE,August Micro CZ Clicker Charm
CH011GPI,October Micro CZ Clicker Charm
CH011GPL,June Micro Clicker Charm
CH011GRU,July Micro CZ Clicker Charm
CH011GSA,September Micro CZ Clicker Charm
CH011GTO,November Micro CZ Clicker Charm
CH011GTQ,December Micro CZ Clicker Charm
CH011SCL,Micro CZ Clicker Charm
CH017G,Van Leeuwen Ice Cream Charm
CH018G,Van Leeuwen Cherry Charm
CH019G,Strawberry Charm
CI002G,Connector Chain
CI002S,Connector Chain
CI003G,Connector Chain
CI003S,Connector Chain
CI004G,Connector Chain
CI004S,Connector Chain
CI008G,Double Connector Chain
CI009G,Gold Connector Chain
CI009S,Silver Connector Chain
CI012GWP,GWP- Retail Connector Chain
CN007GCL,Chained Pave Huggie x Daisy Stud
CN008GCL,Chained Pave Huggie x CZ Stud
CN008GGR,Chained Pave Huggie x CZ Stud
CN008SCL,Chained Pave Huggie x CZ Stud
CN009G,Double Chain Connector Earring
CN009S,Double Chain Connector Earring
CN010G,Chained Pearl Huggie and Pearl Stud
CN012GCL,CZ Dangle Stud
CN012SCL,CZ Dangle Stud
CN016GCL,Mini Pave Chain Huggie
CN016SCL,Mini Pave Chain Huggie
CN017G,Small Slim Chain Huggie
CN017S,Small Slim Chain Huggie
CN018G,Micro Slim Chain Huggie
CN018S,Micro Slim Chain Huggie
CN019G,30mm Lip Chain
CN019S,30mm Lip Chain
CN020GCL,30mm Marquise CZ Dangle Chain
DA024G,Starburst Ear Jacket
DA087GCL,Burger Charm Huggie
DA092GPI,Enamel Peach Charm Huggie
DA101G,Enamel Jersey Charm Huggie
EB001G,Butterfly Back Set
EB002S,Butterfly Back Set
EPS001K,14K Dagger
EPS002K,14K Butterfly
EPS016KCL,14K Pave Star
EPS063GCL,14K CZ Daisy Flatback Stud
EPS086GCL,14K Beaded Marquise Flatback Stud
EPS160K,14K Cowboy Boot
EPS168WDI,14K Mini Diamond White Gold
EPS169KEM,14K Emerald Bezel
EPS170KBK,14K CZ Black 4mm
EPS170KCL,14K CZ Clear 4mm
EPS171KPL,14K Pearl Daisy
EPS175KCL,14K Dangle Clear
EPS175KGR,14K Dangle Green
EPS175KPL,14K Dangle Pearl
EPS176GBK,14K Crown Black
EPS176GGR,14K Crown Green
EPS180SBK,Titanium CZ Daisy
EPS181SCL,Titanium Dangle Clear
EPS181SGR,Titanium Dangle Green
EPS181SPL,Titanium Dangle Pearl
EPS182GRD,14K Enamel Heart
EPS198KAM,14K Pear Amethyst
EPS198KAQ,14K Pear Aquamarine
EPS198KCL,14K Pear Clear
EPS198KGA,14K Pear Garnet
EPS198KGR,14K Pear Green
EPS198KPE,14K Pear Peridot
EPS198KPI,14K Pear Pink
EPS198KPL,14K Pear Pearl
EPS198KRU,14K Pear Ruby
EPS198KSA,14K Pear Sapphire
EPS198KTO,14K Pear Topaz
EPS198KTQ,14K Pear Turquoise
EPS200KPI,14K Stacked Pink Diamond Yellow Gold
EPS201S,Titanium Daisy
EPS202SPL,Titanium Stacked CZ Pearl
EPS203KCL,14K Stacked CZ Clear
EPS203KGR,14K Stacked CZ Green
EPS204KCL,14K Bar CZ Dangle
EPS204SCL,Titanium Bar CZ Dangle
EPS206KCL,14K Twinkle Dangle
EPS207KCL,14K CZ Bow
EPS208KCL,14K Bezel Cluster
EPS209K,14K Mini Solid Marquise
EPS210KCL,14K Curved CZ Pear
EPS211KCL,14K Bezel Pear Dangle Clear
EPS212K,14K Double Heart Dangle
EPS215G,Anodized Spike
EPS216G,Anodized Pyramid
EPS221AGCL,Anodized Twinkle Heart
EPS221API,Anodized Twinkle Heart Flatback
EPS222AGCL,Anodized Micro Baguette Cluster
EPS223AGCL,Anodized CZ Heart Cluster Flatback
EPS224AGPI,Anodized Pink Pave Bar Flatback
FA001GT,PVD Gold Converter
FA001ST,PVD Silver Converter
FA002T,PVD Titanium Converter
FB026S,Titanium Beaded Flower Flatback
FB034GCL,Baguette Flatback Stud
FB085GTCL,Mini CZ Flatback Stud
FB085STCL,Mini CZ Flatback Stud
FB086STOP,Opal Flatback Stud
FB087GTCL,Baguette Flatback Stud- PVD
FB087STCL,Baguette Flatback Stud- PVD
FB089GTCL,Crown Marquise Flatback Stud
FB089STCL,Crown Marquise Flatback Stud
FB090GTCL,Pave Bar Flatback Stud- PVD
FB091GTPL,Stacked CZ Pearl Flatback Stud
FB091STPL,Stacked CZ Pearl Flatback Stud
FB092GT,Moon Flatback Stud
FB092ST,Moon Flatback Stud
FB093GTCL,Pave Lightning Flatback Stud
FB093STCL,Pave Lightning Flatback Stud
FB105GCL,Crown Baguette Flatback Stud
FB105SCL,Crown Baguette Flatback Stud
FB106GCL,Micro Marquise Dangle Flatback Stud
FB106SCL,Micro Marquise Dangle Flatback Stud
FB107GBK,Small Crown Marquise Flatback Stud
FB107GGR,Small Crown Marquise Flatback Stud
FB108GCL,Pear Flatback Stud
FB108GGR,Pear Flatback Stud
FB108SCL,Pear Flatback Stud
FB109G,Bar Chain Flatback Stud
FB109S,Bar Chain Flatback Stud
FB110GBK,Chain Baguette Flatback Stud
FB110GCL,Chain Baguette Flatback Stud
FB110GGR,Chain Baguette Flatback Stud
FB110SCL,Chain Baguette Flatback Stud
FB111G,Bow Flatback Stud
FB111PI,Bow Flatback Stud
FB111S,Bow Flatback Stud
FB112G,Pyramid Flatback Stud
FB112S,Pyramid Flatback Stud
FB113GCL,Pave Flatback Huggie
FB113SCL,Pave Flatback Huggie
FB114G,Chunky Flatback Huggie
FB114S,Chunky Flatback Huggie
FB115GS,Two Tone Bow Flatback Stud
FB116GCL,Curved CZ Bar Flatback Stud
FB116SCL,Curved CZ Bar Flatback Stud
FB117GCL,CZ Drip Flatback Stud
FB117GGR,CZ Drip Flatback Stud
FB117SCL,CZ Drip Flatback Stud
FB118GCL,Pear Dangle Flatback Stud
FB118SCL,Pear Dangle Flatback Stud
FB120GCL,Pear Cluster Flatback Stud
FB120SCL,Pear Cluster Flatback Stud
FB121GCL,CZ Stones Flatback Huggie
FB121SCL,CZ Stones Flatback Huggie
FB122GAM,Micro CZ Flatback Stud
FB122GAQ,Micro CZ Flatback Stud
FB122GCL,Micro CZ Flatback Stud
FB122GGA,Micro CZ Flatback Stud
FB122GGR,Micro CZ Flatback Stud
FB122GPE,Micro CZ Flatback Stud
FB122GPI,Micro CZ Flatback Stud
FB122GPL,Micro CZ Flatback Stud
FB122GRU,Micro CZ Flatback Stud
FB122GSA,Micro CZ Flatback Stud
FB122GTO,Micro CZ Flatback Stud
FB122GTQ,Micro CZ Flatback Stud
FB123GAM,Stacked CZ Flatback Stud
FB123GAQ,Stacked CZ Flatback Stud
FB123GCL,Stacked CZ Flatback Stud
FB123GGA,Stacked CZ Flatback Stud
FB123GGR,Stacked CZ Flatback Stud
FB123GPE,Stacked CZ Flatback Stud
FB123GPI,Stacked CZ Flatback Stud
FB123GPL,Stacked CZ Flatback Stud
FB123GRU,Stacked CZ Flatback Stud
FB123GSA,Stacked CZ Flatback Stud
FB123GTO,Stacked CZ Flatback Stud
FB123GTQ,Stacked CZ Flatback Stud
FB124GCL,Micro Crown Baguette Flatback Stud
FB124SCL,Micro Crown Baguette Flatback Stud
FB125GCL,Micro Crown Marquise Flatback Stud
FB125SCL,Micro Crown Marquise Flatback Stud
FB126GCL,Pave X Flatback Stud
FB126SCL,Pave X Flatback Stud
FB127GCL,Micro Twinkle Flatback Stud
FB127SCL,Micro Twinkle Flatback Stud
FB128GCL,Bow CZ Dangle Flatback Stud
FB128SCL,Bow CZ Dangle Flatback Stud
FB129G,Middle Finger Flatback Stud
FB130GBE,Coffee Cup Flatback Stud
FB131GGR,CZ Daisy Flatback Stud
FB132GPL,Pave Flower Flatback Stud
FB133GPI,Enamel Flower Flatback Stud
FB133GRD,Enamel Flower Flatback Stud
FB134KCL,14K Twinkle Dangle Flatback Stud
FB135KCL,14K CZ Bow Flatback Stud
FB136KCL,14K CZ Bezel Cluster Flatback Stud
FB137K,14K Mini Solid Marquise Flatback Stud
FB138KCL,14K Curved CZ Pear Flatback Stud
FB139KCL,14K CZ Bezel Pear Dangle Flatback Stud
FB140K,14K Double Heart Dangle Flatback Stud
FB141G,NY Flatback Stud
FB142GRD,Pizza Flatback Stud
FB143G,Rat Flatback Stud
FB144G,Chopstick Dumpling Flatback
FB144S,Chopstick Dumpling Flatback
FB145G,Steamed Dumpling Flatback
FB145S,Steamed Dumpling Flatback
FB146GBK,Black Vinegar Flatback
FB146SBK,Black Vinegar Flatback
FB147G,Xiao Long Bao Flatback
FB147S,Xiao Long Bao Flatback
FB148GCL,CZ Cat Reversible Flatback
FB148SPK,CZ Cat Reversible Flatback
FB149G,Dagger Dangle Flatback
FB149S,Dagger Dangle Flatback
FB150G,Skeleton Hand Flatback
FB150G,Skeleton Hand Flatback
FB150S,Skeleton Hand Flatback
FB151GBL,Spider Flatback
FB152G,Spider Web Flatback
FB153G,Fuck Flatback
FB154GCL,Stacked Baguette Flatback
FB155GCL,Micro Cluster Flatback
FB155SCL,Micro Cluster Flatback
FB156GCL,Constellation Flatback
FB157GCL,Micro Bezel Cluster Flatback
FB157SCL,Micro Bezel Cluster Flatback
FBK056G,14K Moon Flatback
FBK099GTCL,Baguette x Marquise Reversible Flatback- PVD Kit
FBK140K,14K Pave Cactus Flatback
FBK178KWG,Round Prong Diamond Flatback Stud
FBK178KYG,Round Prong Diamond Flatback Stud
FBK185KWG,Long Round Diamond Flatback Stud
FBK185KYG,Long Round Diamond Flatback Stud
FBK215SCL,Titanium Stacked CZ Clear Flatback
FBK215SGR,Titanium Stacked CZ Green Flatback
FC006ST,6mm Clicker- PVD Plated
FC007ST,8mm Clicker- PVD Plated
FC008ST,10mm Clicker- PVD Plated
FC009GT,6mm Double Clicker
FC009ST,6mm Double Clicker
FC010GT,8mm Double Clicker
FC010ST,8mm Double Clicker
FC011G,12mm Clicker
FC011S,12mm Clicker
FC012G_6,Pear Clicker 6mm
FC012G_8,Pear Clicker 8mm
FC012S_6,Pear Clicker 6mm
FC012S_8,Pear Clicker 8mm
FC014G_10,10mm Double Clicker
FC014S_10,10mm Double Clicker
FC016K_10,"14K Bezel Clicker (Fashion, 10mm)"
FC016K_8,"14K Bezel Clicker (Fashion, 8mm)"
FC016KR_8,"14K Bezel Clicker (Fashion, 8mm)"
FC017GAM_8,February CZ Pave Clicker 8mm
FC017GAQ_8,March CZ Pave Clicker 8mm
FC017GCL_10,Pave Clicker 10mm
FC017GCL_12,Pave Clicker 12mm
FC017GCL_5,5mm Pave Clicker
FC017GCL_6,Pave Clicker 6mm
FC017GCL_8,Pave Clicker 8mm
FC017GGA_8,January CZ Pave Clicker 8mm
FC017GGR_8,May CZ Pave Clicker 8mm
FC017GPE_8,August CZ Pave Clicker 8mm
FC017GPI_8,October CZ Pave Clicker 8mm
FC017GPL_8,June Pearl Pave Clicker 8mm
FC017GRU_8,July CZ Pave Clicker 8mm
FC017GSA_8,September CZ Pave Clicker 8mm
FC017GTO_8,November CZ Pave Clicker 8mm
FC017GTQ_8,December CZ Pave Clicker 8mm
FC017SCL_10,Pave Clicker 10mm
FC017SCL_12,Pave Clicker 12mm
FC017SCL_5,5mm Pave Clicker
FC017SCL_6,Pave Clicker 6mm
FC017SCL_8,Pave Clicker 8mm
FC018GCL_8,Front-Set Pave Clicker 8mm
FC018SCL_8,Front-Set Pave Clicker 8mm
FC019GCL_6,Floating Bezel Clicker 6mm
FC019GCL_8,Floating Bezel Clicker 8mm
FC019SCL_6,Floating Bezel Clicker 6mm
FC019SCL_8,Floating Bezel Clicker 8mm
FC020GCL_6,Triple Pave Clicker 6mm
FC020GCL_8,Triple Pave Clicker 8mm
FC020SCL_6,Triple Pave Clicker 6mm
FC020SCL_8,Triple Pave Clicker 8mm
FC021GCL_6,Bezel Clicker 6mm Front Facing
FC021GCL_8,Bezel Clicker 8mm Front Facing
FC021SCL_6,Bezel Clicker 6mm Front Facing
FC021SCL_8,Bezel Clicker 8mm Front Facing
FC022G_6,Pyramid Clicker 6mm
FC022G_8,Pyramid Clicker 8mm
FC022S_6,Pyramid Clicker 6mm
FC022S_8,Pyramid Clicker 8mm
FC023GCL_6,Baguette Clicker 6mm
FC023GCL_8,Baguette Clicker 8mm
FC023SCL_6,Baguette Clicker 6mm
FC023SCL_8,Baguette Clicker 8mm
FC024GCL_8,Crown CZ Clicker 8mm
FC024SCL_8,Crown CZ Clicker 8mm
FC026GCL_8,Crown Baguette Clicker 8mm
FC026SCL_8,Crown Baguette Clicker 8mm
FC027GCL_8,Crown Pear Clicker 8mm
FC027SCL_8,Crown Pear Clicker 8mm
FC028GCL_6,Bezel Clicker 6mm
FC028GCL_8,Bezel Clicker 8mm
FC028SCL_6,Bezel Clicker 6mm
FC028SCL_8,Bezel Clicker 8mm
FC030GCL_8,CZ Spike Clicker
FC031G_6,6mm Chunky Clicker
FC031G_8,8mm Chunky Clicker
FC031S_6,6mm Chunky Clicker
FC031S_8,8mm Chunky Clicker
FC032G_5,5mm Clicker
FC032S_5,5mm Clicker
FC033G_5,5mm Double Clicker
FC033S_5,5mm Double Clicker
FC034GCL_5,5mm Stacked CZ Clicker
FCB001GT,8mm Barbell- PVD
FCB001ST,8mm Barbell- PVD
FCB002GCL,CZ Flower Barbell
FCB002GPI,CZ Flower Barbell
FCB002K,14K 8mm Curved Barbell
FCB003GCL,CZ Barbell
FCB004G,Skeleton Hand Barbell
FI002GT,38mm Industrial Bar- PVD
FI002ST,38mm Industrial Bar- PVD
FI003PL,Pearl Industrial Bar
FL001G-6,6mm Gold Plated Labret
FL001GT_10,"10mm PVD Plated Labret, 4mm Disc."
FL001GT_6,"6mm PVD Plated Labret, 4mm Disc."
FL001GT_68,"6mm and 8mm PVD Flatback Post Kit, 4mm Disc."
FL001GT_8,"8mm PVD Plated Labret, 4mm Disc."
FL001S-6,6mm Plated Labret
FL001ST_10,"10mm PVD Plated Labret, 4mm Disc."
FL001ST_6,"6mm PVD Plated Labret, 4mm Disc."
FL001ST_68,"6mm and 8mm PVD Flatback Post Kit, 4mm Disc."
FL001ST_8,"8mm PVD Plated Labret, 4mm Disc."
FL002G-8,8mm Gold Plated Labret
FL002GT_6,6mm PVD Heart Flatback Post
FL002GT_8,8mm PVD Heart Flatback Post
FL002S-8,8mm Plated Labret
FL002ST_6,6mm PVD Heart Flatback Post
FL002ST_8,8mm PVD Heart Flatback Post
FL003G-10,10mm Gold Plated Labret
FL003GT_6,6mm PVD Star Flatback Post
FL003GT_8,8mm PVD Star Flatback Post
FL003S-10,10mm Plated Labret
FL003ST_6,6mm PVD Star Flatback Post
FL003ST_8,8mm PVD Star Flatback Post
FL004G-10,10mm Gold Plated Labret - Invictus
FL004G-6,6mm Gold Plated Labret - Invictus
FL004G-8,8mm Gold Plated Labret - Invictus
FL004GT_6,6mm PVD Mini CZ Flatback Post
FL004GT_8,8mm PVD Mini CZ Flatback Post
FL004ST_6,6mm PVD Mini CZ Flatback Post
FL004ST_8,8mm PVD Mini CZ Flatback Post
FL005GT_6,6mm PVD Marquise Flatback Post
FL005GT_8,8mm PVD Marquise Flatback Post
FL005ST_6,6mm PVD Marquise Flatback Post
FL005ST_8,8mm PVD Marquise Flatback Post
FL006GT_6810,Flatback Post Set
FL006ST_6810,Flatback Post Set
FL007TH_6DG,6mm Daisy Flatback Post
FL007TH_6DS,6mm Daisy Flatback Post
FL007TH_6HG,6mm Heart Flatback Post
FL007TH_6HS,6mm Heart Flatback Post
FL007TH_6MG,6mm Marquise Flatback Post
FL007TH_6MS,6mm Marquise Flatback Post
FL007TH_6SG,6mm Star Flatback Post
FL007TH_6SS,6mm Star Flatback Post
FL007TH_8DG,8mm Daisy Flatback Post
FL007TH_8DS,8mm Daisy Flatback Post
FL007TH_8H,Heart Reversible Flatback Post
FL007TH_8HG,8mm Heart Flatback Post
FL007TH_8HS,8mm Heart Flatback Post
FL007TH_8M,Marquise Reversible Flatback Post
FL007TH_8MG,8mm Marquise Flatback Post
FL007TH_8MS,8mm Marquise Flatback Post
FL007TH_8S,Star Reversible Flatback Post
FL007TH_8SG,8mm Star Flatback Post
FL007TH_8SS,8mm Star Flatback Post
FL008GPL_6,6mm Pearl Flatback Post
FL008GPL_8,8mm Pearl Flatback Post
FL009GGR_6,Green Marquise Flatback Post
FL009GGR_8,Green Marquise Flatback Post
FREEEARRING,Free Mystery Earring - Scratch Off Card
FT001T,Flatback Insertion Tool - Long Pin Taper
FT002T,Flatback Insertion Tool - Long Pin Taper (ECOM)
HP004G,Small Slim Hoop
HP004S,Small Slim Hoop
HP005G,Medium Slim Hoop
HP005S,Medium Slim Hoop
HP006G,Large Slim Hoop
HP006S,Large Slim Hoop
HP010G,Small French Twist Hoop
HP010S,Small French Twist Hoop
HP012GCL,Medium Pave Oval Hoop
HP012SCL,Medium Pave Oval Hoop
HP019G,Small Chunky Hoop
HP019S,Small Chunky Hoop
HP026GCL,Small Pave Hoop
HP026SCL,Small Pave Hoop
HP049G,Medium French Twist Hoop
HP049S,Medium French Twist Hoop
HP050G,Medium Chunk Hoop
HP085S,Chunky Crescent Hoop
HP089G,Knot Hoop
HP089S,Knot Hoop
HP090G,Starburst Hoop
HP090S,Starburst Hoop
HP092G,Chunky Square Hoop
HP092S,Chunky Square Hoop
HP093G,Chunky Ridge Hoop
HP093S,Chunky Ridge Hoop
HP096G,Two Tone Chunky Hoop
HP097G,Chunky Triangle Hoop
HP097S,Chunky Triangle Hoop
HP098G,Fluted Crescent Hoop
HP099G,Hammered Hoop
HU005BK,Mini Pave Huggie Gunmetal
HU005GCL,Mini Pave Huggie
HU005GGR,Mini Pave Huggie
HU005RG,Mini Pave Huggie - Rose Gold
HU005SCL,Mini Pave Huggie
HU006GCL,Small Pave Huggie
HU006SCL,Small Pave Huggie
HU008S,Small French Twist Huggie
HU014G,Small Slim Huggie
HU014RG,Small Slim Huggie - Rose Gold
HU014S,Small Slim Huggie
HU017G,Daisy Huggie
HU017S,Daisy Huggie
HU018G,Pearl Huggie
HU018S,Pearl Huggie
HU019G,Micro Chunky Huggie
HU019S,Micro Chunky Huggie
HU020G,Mini Chunky Huggie
HU020S,Mini Chunky Huggie
HU021G,Small Chunky Huggie
HU021S,Small Chunky Huggie
HU050G,Metro Card Huggie
HU050S,Metro Card Huggie
HU051G,Vape Huggie
HU052BK,Micro Pave Huggie Gunmetal
HU052GCL,Micro Pav© Huggie
HU052GGR,Micro Pav© Huggie
HU052GMC,Micro Pav© Huggie
HU052RG,Micro Pave Huggie - Rose Gold
HU052SCL,Micro Pav© Huggie
HU054G,Cowboy Boot Huggie
HU054S,Cowboy Boot Huggie
HU055G,Cowboy Hat Huggie
HU055S,Cowboy Hat Huggie
HU056GTQ,Mini Pave Huggie
HU057G,Baroque Pearl Huggie
HU057S,Baroque Pearl Huggie
HU058G,Small Chunk Huggie
HU058S,Small Chunk Huggie
HU059G,Small Ridged Huggie
HU060GCL,CZ Helix Huggie
HU060SCL,CZ Helix Huggie
HU061GCL,CZ Flower Helix Huggie
HU062GCL,Textured Bezel Huggie
HU063GCL,Starburst Helix Huggie
HU065GBE,Double Bezel Huggie
HU068G,Fringe Huggie
HU069GS,Two Tone Huggie
HU070GS,Two Tone Linked Huggie
HU071G,Mini Ball Huggie
HU071S,Mini Ball Huggie
HU074G,Glow in the Dark Huggie
HU076G,GWP Mini Pave Huggie
HU076S,GWP Mini Pave Huggie
HU077GCL,Micro Bezel Helix Huggie
HU077SCL,Micro Bezel Helix Huggie
HU078GCL,Baguette Huggie
HU078GGR,Baguette Huggie
HU078SCL,Baguette Huggie
HU080G,Chain Fringe Huggie
HU084GCBE,CZ Evil Eye Huggie
HU085GAB,Iridescent Max Pave Huggie
HU087GPL,Pearl Daisy Huggie
HU088G,Cheese Charm Huggie
HU089GGR,Pear CZ Charm Huggie
HU090GPL,Pearl Helix Huggie
HU090SPL,Pearl Helix Huggie
HU091GBK,Baguette Charm Huggie
HU091GCL,Baguette Charm Huggie
HU091SBK,Baguette Charm Huggie
HU092GCL,Mini CZ Charm Huggie
HU092GGR,Mini CZ Charm Huggie
HU092SCL,Mini CZ Charm Huggie
HU093GOP,Mini Opal Charm Huggie
HU094GPL,Stacked CZ Pearl Charm Huggie
HU094SBK,Stacked CZ Pearl Charm Huggie
HU094SPL,Stacked CZ Pearl Charm Huggie
HU095BK,Micro Slim Huggie Gunmetal
HU095G,Micro Slim Huggie
HU095RG,Micro Slim Huggie - Rose Gold
HU095S,Micro Slim Huggie
HU096GS,Two-Tone Chunky Huggie
HU097G,Chunky Square Huggie
HU097S,Chunky Square Huggie
HU098G,Chunky French Twist Huggie
HU098S,Chunky French Twist Huggie
HU099GCL,Max Pave Huggie
HU099SCL,Max Pave Huggie
HU101GGR,Pave Baguette Huggie
HU105K,14K Micro Slim Huggie
HU106K,14K Mini Slim Huggie
HU107K,14K Small Slim Huggie
HU108KDI,Diamond Accent Huggie
HU110GS,Two Tone Square Ball Hoop
HU111GS,Two Tone Broken Heart Huggie
HU112GS,Two Tone Chunky Heart Huggie
HU113G,Micro Knot Huggie
HU113S,Micro Knot Huggie
HU114GPL,Micro Pearl Huggie
HU114SPL,Micro Pearl Huggie
HU115G,Micro French Twist Huggie
HU115S,Micro French Twist Huggie
HU116GS,Reverse Micro Two Tone Huggie
HU117GS,Micro Two Tone Chunky Huggie
HU118G,Ball Huggie
HU118S,Ball Huggie
HU119GS,Two Tone Double Huggie
HU120GBK,Micro Duo CZ Huggie
HU120GCL,Micro Duo CZ Huggie
HU120GGR,Micro Duo CZ Huggie
HU120SCL,Micro Duo CZ Huggie
HU121GCL,Mini Duo CZ Huggie
HU121SCL,Mini Duo CZ Huggie
HU122G,Micro Bow Huggie
HU122S,Micro Bow Huggie
HU123GS,Two Tone Double Twist Huggie
HU124GCL,Chunky Pear CZ Huggie
HU124SCL,Chunky Pear CZ Huggie
HU125GCL,Micro Pave Pear Huggie
HU125SCL,Micro Pave Pear Huggie
HU126GCL,Mini Pave Pear Huggie
HU126SCL,Mini Pave Pear Huggie
HU127GCL_5,Open CZ Huggie 5mm
HU127GCL_8,Open CZ Huggie 8mm
HU127SCL_5,Open CZ Huggie 5mm
HU127SCL_8,Open CZ Huggie 8mm
HU128KMCSG,Mini Rainbow Huggie
HU129KCLSG,Mini Gold Hoop
HU130G,Square Twist Huggie
HU130S,Square Twist Huggie
HU131G,Dainty Crescent Huggie
HU131S,Dainty Crescent Huggie
HU132GCL,Twinkle CZ Huggie
HU132SCL,Twinkle CZ Huggie
HU133GCL,Chunky CZ Huggie
HU133SCL,Chunky CZ Huggie
HU134GCL,Square Pave Huggie
HU134SCL,Square Pave Huggie
HU135G,Twist Huggie
HU135S,Twist Huggie
HU136G,Geometric Huggie
HU136S,Geometric Huggie
HU137GCL,Chunky Marquise Huggie
HU138GS,Two Tone Chunky Crescent Huggie
HU139G,Hammered Huggie
HU140GCL,Pave Spike Huggie
HU140SCL,Pave Spike Huggie
HU141GCL,Chunky Twinkle Huggie
HU142GCL,Stacked Twinkle Huggie
HU143GCL,CZ Bezel Huggie
HU143SCL,CZ Bezel Huggie
HU144GCL,Oval Bezel Huggie
HU145GCL,Micro Bezel Baguette Huggie
HU146GCL,Mini Bezel Baguette Huggie
KB001_P,14K 8mm Curved Barbell
KC001_10,14K 10mm Clicker (Piercing)
KC001_6,14K 6mm Clicker (Piercing)
KC001_8,14K 8mm Clicker (Piercing)
KF002_YG,Micro Pear Diamond Huggie
KF003_YG,Mini Pear Diamond Huggie
KF006_WG,Mini Pear Diamond Huggie
KF007_YG,Diamond Flatback Post 6mm
KF008_YG,Diamond Flatback Post 8mm
KF009_WG,Diamond Flatback Post 6mm
KF010_WG,Diamond Flatback Post 8mm
KF011_YG,Round Chain Diamond Yellow Gold Flatback
KF012_YG,Mini Bezel Baguette Diamond Huggie
KF013_WG,Round Chain Diamond White Gold Flatback
KF014_WG,Micro Round Pave Diamond Huggie
KF015_WG,Mini Round Pave Diamond Huggie
KF016_WG,Mini Bezel Baguette Diamond Huggie
KF018_YG,Micro Round Pave Diamond Huggie
KF020_WG,Front to Back Diamond Charm
KP001_YG,Baguette Prong Diamond Yellow Gold
KP002_YG,Round: Basic Prong Piercing
KP003_YG,Marquise Prong Diamond Yellow Gold
KP004_YG,Pear Bezel Diamond Piercing Stud
KP005_YG,Baguette: Bezel Set Piercing
KP006_YG,Round Bezel Diamond Yellow Gold
KP007_YG,Bezel Baguette Bar Yellow Gold
KP008_YG,Bezel Bar Stud: S1 Piercing
KP009_YG,Curved Pear Diamond Piercing Stud
KP010_YG,14K Long Round Diamond Yellow Gold
KP011_YG,Round Dangle Diamond Yellow Gold
KP012_WG,Baguette Prong Diamond White Gold
KP013_WG,Round: Basic Prong Piercing
KP014_WG,Marquise Prong Diamond White Gold
KP015_WG,Pear Bezel Diamond Piercing Stud
KP016_WG,Baguette: Bezel Set Piercing
KP017_WG,Round Bezel Diamond White Gold
KP018_WG,Bezel Baguette Bar White Gold
KP019_WG,Bezel Bar Stud: S1 Piercing
KP020_WG,Curved Pear Diamond Piercing Stud
KP021_WG,14K Long Round Diamond White Gold
KP022_WG,Round Dangle Diamond White Gold
KP023_YG,Puffy Heart Diamond Yellow Gold
KP024_YG,Puffy Twinkle Diamond Yellow Gold
KP025_YG,Puffy Paisley Diamond Yellow Gold
KP026_YG,Puffy Triangle Diamond Yellow Gold
KP027_YG,14K Round Prong Diamond Yellow Gold
KP028_YG,Princess Prong Diamond Yellow Gold
KP029_YG,Round Crown Diamond Yellow Gold
KP030_YG,Diamond Crown Marquise Yellow Gold
KP031_YG,Pear Dangle Diamond Piercing Stud
KP032_YG,Round Diamond Side Clicker
KP033_WG,Puffy Heart Diamond White Gold
KP034_WG,Puffy Twinkle Diamond White Gold
KP035_WG,Puffy Paisley Diamond White Gold
KP036_WG,Puffy Triangle Diamond White Gold
KP037_WG,14K Round Prong Diamond White Gold
KP038_WG,Princess Prong Diamond White Gold
KP039_WG,Round Crown Diamond White Gold
KP040_WG,Diamond Crown Marquise White Gold
KP041_WG,Pear Dangle Diamond Piercing Stud
KP042_WG,Round Diamond Side Clicker
KP043_YG,Stacked Round Diamond Yellow Gold
KP044_YG,Stacked Round Emerald x Diamond Yellow Gold
KP045_YG,Triangle Prong Diamond Yellow Gold
KP046_YG,Bezel Baguette Diamond Yellow Gold
KP047_YG,Round Bezel Bar Yellow Gold
KP048_YG,Triangle Dangle Diamond Yellow Gold
KP049_WG,Stacked Round Diamond White Gold
KP050_WG,Stacked Round Emerald x Diamond White Gold
KP051_WG,Triangle Prong Diamond White Gold
KP052_WG,Baguette Bezel Diamond White Gold
KP053_WG,Round Bezel Bar White Gold
KP054_WG,Triangle Dangle Diamond White Gold
KP055_YG,Micro Diamond Trio Clicker
KP056_YG,Mini Diamond Trio Clicker
KP057_YG,Mini Diamond Emerald Trio Clicker
KP058_WG,Micro Diamond Trio Clicker
KP059_WG,Mini Diamond Trio Clicker
KP060_WG,Mini Diamond Emerald Trio Clicker
KP060_YG,Stacked Round Diamond Stud (Black)
KP061_WG,Stacked Round Diamond Stud (Black)
KP062_YG,Marquise Bezel Diamond Stud
KP063_WG,Marquise Bezel Diamond Stud
KP064_YG,Diamond Multi Stud
KP065_WG,Diamond Multi Stud
KT001G,CZ Stack Set
KT001RD,Squish x STUDS Cherry Bundle
KT001S,CZ Stack Set
KT002G,French Twist Hoop Set
KT002S,French Twist Hoop Set
KT002YL,Squish x STUDS Daisy Bundle
KT003G,Chunky Stack Set
KT003S,Chunky Stack Set
KT004G,Pave Set
KT004S,Pave Set
KT005G,Slim Hoops Set
KT005S,Slim Hoops Set
KT006G,Core Huggies Set
KT006S,Core Huggies Set
KT007G,Sparkle Set
KT007S,Sparkle Set
KT009G,Pave Chained Set
KT009S,Pave Chained Set
KT010G,Sparkly Essentials Set
KT010S,Sparkly Essentials Set
KT011G,Pearl Set
KT011S,Pearl Set
KT012G,Daisy Set
KT012S,Daisy Set
KT013G,Chunky Set
KT013S,Chunky Set
KT014G,Slim Set
KT014S,Slim Set
KT015G,Pave Set
KT015S,Pave Set
KT016G,Baguette Set
KT016S,Baguette Set
KT017G,Studs Set
KT017S,Studs Set
KT018G,Pave Chained Set
KT018S,Pave Chained Set
KT019G,Starter Huggies Set
KT019S,Starter Huggies Set
KT020G,Sparkly Stack Set
KT020S,Sparkly Stack Set
KT021G,Slim Stack Set
KT021S,Slim Stack Set
KT022G,Chunky Stack Set
KT022S,Chunky Stack Set
KT023G,RHOC Set
KT024G,RHOBH Set
KT025G,RHOA Set
KT026G,RHONY Set
KT027G,Pumptini Set
KT028G,Scandy Set
KT029G,House Daddy Set
KT030G,Reunion Set
KT030S,Reunion Set
KT031G,Mocktail Set
KT031S,Mocktail Set
KT032G,High Roller Set
KT033G,Bottle Service Set
KT034G,Texas Fold em Set
KT035GCL,Pave Set
KT035SCL,Pave Set
KT036GCL,Baguette Set
KT036SCL,Baguette Set
KT037GCL,Sparkle Chained Set
KT037SCL,Sparkle Chained Set
KT038GCL,Pave Chained Set
KT038SCL,Pave Chained Set
KT066G,Bow Set
KT067GS,Two Tone Set
KT068G,Flatback Studs Set
KT069GCL,Pave Clicker Set
KT069SCL,Pave Clicker Set
KT070G,Clicker Set
KT070S,Clicker Set
KT071G,Slim Hoop Set
KT071S,Slim Hoop Set
KT072G,Chunky Hoop Set
KT072S,Chunky Hoop Set
KT073GCL,Pave Hoop Set
KT073SCL,Pave Hoop Set
KT074G,Clicker Set
KT074S,Clicker Set
KT075GCL,Pave Clicker Set
KT075SCL,Pave Clicker Set
KT076GCL,Core Huggies Set
KT076SCL,Core Huggies Set
KT077GCL,CZ Studs Set
KT077SCL,CZ Studs Set
KT078G,Flatback Post Set
KT078S,Flatback Post Set
KT079GCL,6mm Reversible Post Set
KT079SCL,6mm Reversible Post Set
KT080GCL,8mm Reversible Post Set
KT080SCL,8mm Reversible Post Set
KT081G,STUDS X HHH Gift Box
Labret10,Labret - 10mm
Labret11,Labret - 11mm
Labret5,Labret - 5mm
Labret6,Labret- 6mm
Labret8,Labret - 8mm
MK006,Studs Plastic Water Bottle
MYS081GS,Holiday Mystery Set
PB001S,Titanium Industrial Bar 38mm
PB002S,Titanium Curved Barbell 8mm
PB004K,14k Curved Barbell 8mm
PB006S,Titanium Curved Barbell 10mm
PB007KCL,8mm CZ 14K Curved Barbell
PB009SCL,8mm CZ Titanium Curved Barbell
PB011K,14K 38mm Industrial Bar
PB012S,Titanium Industrial Bar 35mm
PB013S,Titanium Industrial Bar 42mm
PB014G,14k Industrial Bar 38mm
PB015GCL,14K CZ Barbell
PB016SCL,Titanium CZ Barbell
PC001K,14K 8mm Clicker
PC002K,14K 6mm Clicker
PC003G,6mm Clicker
PC003S,Titanium 6mm Clicker
PC004G,8mm Clicker
PC004S,Titanium 8mm Clicker
PC005G,10mm Clicker
PC005S,Titanium 10mm Clicker
PC015K,14K 10mm Clicker
PC016KCL,14K 6mm Bezel CZ Clicker - Piercing
PC017KCL,10mm Bezel CZ 14K Clicker - Piercing
PC018SCL,Titanium 6mm Bezel CZ Clicker - Piercing
PC019SCL,10mm Bezel CZ Titanium Clicker
PC020G-10,10mm 16g Clicker
PC020G-6,6mm 16g clicker
PC020G-8,8mm 16g Clicker
PC021GCL_10,14K Clicker Bezel Clear 10mm
PC021GCL_8,14K Clicker Bezel Clear 8mm
PC021GGR_10,14K Bezel Clicker
PC021GGR_8,14K Clicker Bezel Green 8mm
PC022SCL_10,Titanium Clicker Bezel Clear 10mm
PC022SCL_8,Titanium Clicker Bezel Clear 8mm
PC022SGR_10,Titanium CZ Bezel Clicker
PC022SGR_8,Titanium Clicker Bezel Green 8mm
PC023S_10,Titanium Clicker 16G 10mm
PC023S_8,Titanium Clicker 16G 8mm
PC024G_10,14K Clicker 16G 10mm
PC024G_8,14K Clicker 16G 8mm
PC032GCL_6,6mm Twinkle Clicker
PC032GCL_8,8mm Twinkle Clicker
PC032SCL_6,6mm Twinkle Clicker
PC032SCL_8,8mm Twinkle Clicker
PC033GCL_8,Twinkle Dangle Clicker
PL003TH_08,"16g, Threadless, 8mm Length, 3mm Disc"
PL004TH_05,"16g, Threadless, 5mm Length, 4mm Disc"
PL004TH_06,"16g, Threadless, 6mm Length, 4mm Disc"
PL004TH_08,"16g, Threadless, 8mm Length, 4mm Disc"
PL004TH_11,"16g, Threadless, 11mm Length, 4mm Disc"
PL005TH_06,"16g, Threadless, 6mm Length, 4mm Disc Labret - Invictus"
PL005TH_08,"16g, Threadless, 8mm Length, 4mm Disc Labret - Invictus"
PL005TH_10,"16g, Threadless, 10mm Length, 4mm Disc Labret - Invictus"
PL005TH_11,"16g, Threadless, 11mm Length, 4mm Disc Labret - Invictus"
PL006TH_10,Labret - 10mm
PL006TH_8,Labret - 8mm
PL007TH_10,"16G, 10mm Titanium Labret"
PL007TH_8,"16G, 8mm Titanium Labret"
PL008TH_10H,"16G, Threadless, 6mm Length, Daisy Labret"
PL008TH_6H,"16G, Threadless, 8mm Length, Daisy Labret"
PL008TH_8H,"16G, Threadless, 10mm Length, Daisy Labret"
PL009TH_10D,"16G, Threadless, 6mm Length, Heart Labret"
PL009TH_6D,"16G, Threadless, 8mm Length, Heart Labret"
PL009TH_8D,"16G, Threadless, 10mm Length, Heart Labret"
PS005SBK,Ti CZ Black 4mm
PS005SCL,Ti CZ Clear 4mm
PS006S,Ti Ball
PS007S,Ti Trinity Ball
PS008KCL,14K Trinity
PS009KCL,14k Crown Marquise CZ Stud - Piercing
PS011S,Spike Stud - Piercing
PS013K,14K CZ Stud - Piercing
PS014SBK,4mm Black CZ Stud - Piercing
PS015SCL,"Trinity Pave Stud - Piercing, Internal"
PS016KCL,14K Pave Star
PS019K,14K MJ Stud - Piercing
PS020KCL,14K Pave Triangle
PS021KCL,14K CZ Star Cluster Stud - Piercing
PS021KPI,14K CZ Star Cluster Stud - Piercing
PS022KCL,14k Heart
PS023SBK,2mm Black CZ Stud - Piercing
PS024KCL,14K Cluster
PS025SCL,5mm Pave Flower Stud - Piercing
PS026SCL,4mm Pave Flower Stud - Piercing
PS026SOBE,4mm Pav Blue Opal Flower Stud
PS026SOP,4mm Pave Opal Flower Stud - Piercing
PS026SOPR,4mm Pav Purple Opal Flower Stud
PS027S,2mm Ball Stud - Piercing
PS028KCL,14K Pave Lightning
PS029S,Titanium Beaded CZ
PS030S,Ti Moon
PS031GOP,Opal Stud - Piercing
PS033GCL,Pave Crescent Moon Stud - Piercing
PS034G,Lightning Stud - Piercing
PS034S,Ti Lightning
PS034YE,Titanium Anodized Lightning Yellow
PS035GBE,14K Evil Eye
PS036SCL,"Crystal Marquise Stud - Piercing, Internal"
PS037G,Heart Stud - Piercing
PS037PI,Titanium Anodized Heart Pink
PS037S,Ti Heart
PS038BE,Titanium Anodized Star Blue
PS038G,Star Stud - Piercing
PS038S,Ti Star
PS042G,Venus Stud - Piercing
PS043G,Mini Moon Stud - Piercing
PS043SBE,"Light Blue CZ Stud - Piercing, Internal"
PS043SPI,"Pink CZ Stud - Piercing, Internal"
PS044G,"Playboy Bunny Stud - Piercing, Internal"
PS044S,"Playboy Bunny Stud - Piercing, Internal"
PS047K,14K 2.5mm Ball Stud - Piercing
PS048K,14K Ball
PS049K,14K Mini Opal Stud - Piercing
PS050K,14K Bezel
PS051K,14K 3mm Bezel CZ Stud
PS052SBE,Bezel CZ Titanium Piercing Stud
PS052SCL,Ti Bezel
PS052SPI,Bezel CZ Titanium Piercing Stud
PS053SBE,4mm Pave Flower Stud-Piercing
PS053SPR,4mm Pave Flower Stud-Piercing
PS054SCL,Titanium Beaded CZ Triad
PS055GCL,14K CZ Bezel Bar Stud-Piercing
PS056G,14k Moon
PS057GCL,14K CZ Paisley
PS058G,14K Sword Stud-Piercing
PS059GCL,14K Pave Cactus
PS061GCL,14K Pave Martini
PS062G,14k Serpent Stud - Piercing
PS063GCL,14K CZ Daisy Stud-Piercing
PS065G,14k Opal Crown Marquis Stud-Piercing
PS072G,14K Butterfly Stud-Piercing
PS073G,14K Trinity Ball Stud - Piercing
PS081SAB,Ti CZ Aurora Borealis 2.5mm
PS081SAM,Titanium CZ Amethyst 2.5mm
PS081SAQ,Titanium CZ Aquamarine 2.5mm
PS081SBE,2.5mm CZ TItanium Piercing Stud
PS081SBK,Titanium CZ Black 2.5mm
PS081SCL,Ti CZ Clear 2.5mm
PS081SGA,Titanium CZ Garnet 2.5mm
PS081SGR,Ti CZ Green 2.5mm
PS081SPE,Titanium CZ Peridot 2.5mm
PS081SPI,Titanium CZ Pink 2.5mm
PS081SPL,Ti CZ Pearl 2.5mm
PS081SRD,2.5mm CZ TItanium Piercing Stud
PS081SRU,Titanium CZ Ruby 2.5mm
PS081SSA,Titanium CZ Sapphire 2.5mm
PS081STO,Titanium CZ Topaz 2.5mm
PS081STQ,Titanium CZ Turquoise 2.5mm
PS081SYL,Titanium CZ Yellow 2.5mm
PS082SBL,2.5mm Four Prong CZ Stud - Piercing
PS082SBR,2.5mm Four Prong CZ Stud - Piercing
PS082SRD,2.5mm Four Prong CZ Stud - Piercing
PS083GCL,14K Marquise Clear
PS085GCL,14K Textured Marquise Stud - Piercing
PS086GCL,14K Beaded Marquise Stud - Piercing
PS087GOP,14K Crescent Moon and Opal Stud - Piercing
PS088GCL,14K Beaded CZ Stud - Piercing
PS089GOP,14K Opal Flower Flatback Stud
PS090GOP,14K CZ and Opal Flower Stud - Piercing
PS091GCL,14K CZ Skull Stud - Piercing
PS092GCL,14K CZ Pear Stud - Piercing
PS093GCL,14K Trinity CZ Stud - Piercing 
PS094GCL,14k Crown Marquise CZ Stud - Piercing
PS095GCL,14K Big Pav Lightning Stud - Piercing
PS096G,14K Trinity Ball
PS097G,14K MJ Stud - Piercing
PS098G,14K Lightning
PS099G,14k Star
PS100GCL,3mm Gold Plated Stud - Piercing
PS101G,Spider Stud - Piercing
PS102S,Titanium Dot
PS103S,Triangle Piercing Stud
PS105S,Titanium Beaded Flower
PS106SBE,Titanium Opal
PS106SPI,Opal Piercing Stud
PS106SPR,Titanium Opal Purple
PS108S,Pearl Piercing Stud
PS109SCL,Titanium CZ Heart Clear
PS109SPI,Titanium CZ Heart Pink
PS110SCL,Ti Marquise Clear
PS110SGR,Ti Marquise Green
PS111SBE,CZ Evil Eye Piercing Stud
PS112S,Titanium Bee
PS113S,Titanium Dagger
PS114S,Ti Tiny Butterfly
PS115S,Smiley Piercing Stud
PS116S,Serpent Piercing Stud
PS118SCL,CZ Lightning Piercing Stud
PS119SCL,Titanium Pave Daisy
PS120SCL,Ti Cluster
PS121SCL,Twinkle Star Piercing Stud
PS123SCL,Ti Trinity CZ
PS123SOP,Titanium Trinity CZ Opal
PS123SPK,Ti CZ Trinity Pink
PS124SCL,CZ Butterfly Piercing Stud
PS126SRD,Enamel Cherry Piercing Stud
PS127SRD,Titanium Enamel Heart
PS128SYL,Titanium Enamel Daisy
PS129K,Small Ball 14K Piercing Stud
PS130K,14K Hammered Dot
PS131K,Raised Bar 14K Piercing Stud
PS132K,Semi Circle 14K Piercing Stud
PS133K,14k Triangle
PS134KOP,14K Opal
PS135K,14k Pearl
PS137KBK,14K CZ Black 2.5mm
PS137KCL,14K CZ Clear 2.5mm
PS137KGR,14K CZ Green 2.5mm
PS138KOP,14K Marquise Opal
PS139KGR,14K Marquise Green
PS140K,Lock 14K Piercing Stud
PS141K,Cherry 14K Piercing Stud
PS142K,Serpent 14K Piercing Stud
PS143K,14K Daisy
PS144K,Rose 14K Piercing Stud
PS145KCL,14K Pave Smiley
PS147KCL,14K Pave Moon
PS148KCL,CZ Dagger 14K Piercing Stud
PS149KCL,CZ Butterfly 14K Piercing Stud
PS150KCL,14K Pave Serpent
PS151KCL,14K Pave Bar
PS152KCL,Curved Pave Bar 14K Piercing Stud
PS154KCL,14K Twinkle
PS155KCL,14K Stacked CZ Pearl
PS156KCL,14K Beaded CZ Piercing Stud
PS157KCL,14k Crown Clear
PS158KCL,CZ Star Trio 14K Piercing Stud
PS159KCL,14K CZ Flower Clear
PS159KGR,14K CZ Flower Clear
PS159KTQ,14K CZ Flower Clear
PS160K,14K Cowboy Boot
PS161K,Small Hammered Dot 14K Piercing Stud
PS163S,Titanium Micro Ball
PS164SPI,Ti Enamel Heart
PS168KDI,14K Mini Diamond Yellow Gold
PS168WDI,14K Mini Diamond White Gold
PS169KEM,14K Emerald Bezel
PS170KBK,14K CZ Black 4mm
PS170KCL,14K CZ Clear 4mm
PS171KPL,14K Pearl Daisy
PS172KBK,14K CZ Triangle Piercing Stud
PS172KCL,14K CZ Triangle Piercing Stud
PS173KCL,14K Trinity CZ
PS173KPK,14K Trinity CZ Pink
PS174KCL,14K CZ Heart Clear
PS174KPK,14K CZ Heart Pink
PS175KCL,14k Dangle Clear
PS175KGR,14k Dangle Green
PS175KPL,14K Dangle Pearl
PS176GBK,14k Crown Black
PS176GGR,14k Crown Green
PS177SAB,Titanium Crown Marquise Piercing Stud
PS177SBK,Ti Crown Black
PS177SCL,Ti Crown Clear
PS177SGR,Ti Crown Green
PS178SBK,Titanium CZ Triangle Piercing Stud
PS178SCL,Titanium CZ Triangle Piercing Stud
PS179SPL,Titanium Pearl
PS180SBK,Titanium CZ Daisy
PS181SCL,Ti Dangle Clear
PS181SGR,Ti Dangle Green
PS181SPL,Ti Dangle Pearl
PS182GRD,14K Enamel Heart
PS183GBK,14K CZ Heart Piercing Stud
PS184SAB,Ti Marquise Aurora Borealis
PS185S,Ti Triangle
PS186K,14K Badger Stud
PS188KBESG,Mini Diamond and Blue Sapphire Two Stone
PS189KGRSG,Mini Diamond and Green Emerald Two Stone
PS193KCLSG,Bar and Diamond Heart Chain
PS194KCLSG,Small and Big Heart with Chain
PS195KCLSG,Diamond Heart Climber
PS196KMCSG,Mini Rainbow Bar Stud
PS198KAM,14K Pear Amethyst
PS198KAQ,14K Pear Aquamarine
PS198KCL,14K Pear Clear
PS198KGA,14K Pear Garnet
PS198KGR,14K Pear Green
PS198KPE,14K Pear Peridot
PS198KPI,14K Pear Pink
PS198KPL,14K Pear Pearl
PS198KRU,14K Pear Ruby
PS198KSA,14K Pear Sapphire
PS198KTO,14K Pear Topaz
PS198KTQ,14K Pear Turquoise
PS199KPI,14K Mini Pink Diamond Yellow Gold
PS200KPI,14K Stacked Pink Diamond Yellow Gold
PS201S,Ti Daisy
PS202SCL,Ti Stacked CZ Clear
PS202SGR,Ti Stacked CZ Green
PS202SPL,Ti Stacked CZ Pearl
PS203KCL,14K Stacked CZ Clear
PS203KGR,14K Stacked CZ Green
PS203KPL,14K Stacked CZ Piercing Stud
PS204KCL,14K Bar CZ Dangle
PS204SCL,Ti Bar CZ Dangle
PS206KCL,14K Twinkle Dangle
PS207KCL,14K CZ Bow Piercing Stud
PS208KCL,14K CZ Bezel Cluster Piercing Stud
PS209K,14K Mini Solid Marquise Piercing Stud
PS210KCL,14K Curved CZ Pear
PS211KCL,14K Bezel Pear Dangle Clear
PS212K,14K Double Heart Dangle
PS214K,14K Xiao Long Bao
PS215G,Anodized Spike
PS216G,Anodized Pyramid
PS217KDI,14K Baguette Bezel Diamond
PS218KDI,14K Pear Bezel Diamond
PS219KDI,14K Marquise Bezel Diamond
PS220KDI,14K Round Bezel Diamond
PS221AGCL,Anodized Twinkle Heart
PS221API,Anodized Heart Twinkle
PS222AGCL,Anodized Micro Baguette Cluster
PS223AGCL,Anodized CZ Heart Cluster Flatback
PS224AGPI,Anodized Pink Pave Bar
PST105GOBK,Princess Mini Stud (Piercing)
PST105GOCL,Princess Mini Stud (Piercing)
SALINE1,Saline Can
ST012GCL,Marquise Stud
ST012GGR,Marquise Stud
ST012SCL,Marquise Stud
ST013GCL,Micro CZ Stud
ST013SCL,Micro CZ Stud
ST014BK,Mini CZ Stud Gunmetal
ST014GCL,Mini CZ Stud
ST014GGR,Mini CZ Stud
ST014RG,Mini CZ Stud - Rose Gold
ST014SCL,Mini CZ Stud
ST015GCL,Small CZ Stud
ST015SCL,Small CZ Stud
ST018BK,Mini Ball Stud - Gunmetal
ST018RG,Mini Ball Stud - Rose Gold
ST018S,Mini Ball Stud
ST032S,Pearl Stud
ST035G,Beaded Triad Stud
ST035S,Beaded Triad Stud
ST055G,Daisy Stud
ST055S,Daisy Stud
ST057SOP,Opal Stud
ST064G,Cowboy Boot Stud
ST064S,Cowboy Boot Stud
ST132G,Horse Stud
ST132S,Horse Stud
ST133G,Horseshoe Stud
ST133S,Horseshoe Stud
ST134G,Bat Stud
ST135G,Spider Stud
ST145GCL,Baguette Stud
ST148G,Longhorn Stud
ST148S,Longhorn Stud
ST177GPL,Pearl Daisy Stud
ST183GBK,Bat Stud
ST183SBK,Bat Stud
ST184KDI,Mini Diamond Stud
ST186S,Rose Stud
ST188GS,Two Tone Star Stud
ST191GS,Heart Bow Stud
ST192GCL,CZ Skull Stud
ST192SCL,CZ Skull Stud
ST193GBK,CZ Spider Stud
ST193SBK,CZ Spider Stud
ST194GCL,CZ Jacket
ST194SCL,CZ Jacket
ST195GCL,CZ Crown Jacket Stud
VM008,Large Wave
VM009,Small Wave
VM011,Crescent Wave
VM012,Short Earscape
VM013,Tall Earscape
VM085,Piercing Menu - standing angled
VM086,Piercing Tray - flat case
VM087,Clicker Menu